chain, residue_label, residue_name, score, zscore, probability, pocket
A,    1, MET,  0.2032,  -0.2662,   0.0070, 0
A,    2, ILE,  0.2175,  -0.2582,   0.0079, 0
A,    3, SER,  0.0016,  -0.3785,   0.0003, 0
A,    4, LEU,  0.0000,  -0.3795,   0.0002, 0
A,    5, ILE,  1.6090,   0.5174,   0.3127, 1
A,    6, ALA,  1.9039,   0.6818,   0.3900, 1
A,    7, ALA,  2.3686,   0.9408,   0.4953, 1
A,    8, LEU,  0.7517,   0.0396,   0.0805, 0
A,    9, ALA,  0.3952,  -0.1592,   0.0230, 0
A,   10, VAL,  0.2552,  -0.2372,   0.0105, 0
A,   11, ASP,  0.2849,  -0.2207,   0.0127, 0
A,   12, ARG,  0.4994,  -0.1011,   0.0358, 0
A,   13, VAL,  0.1564,  -0.2923,   0.0046, 0
A,   14, ILE,  3.5415,   1.5946,   0.6884, 1
A,   15, GLY,  2.3234,   0.9156,   0.4856, 1
A,   16, MET,  0.9154,   0.1308,   0.1191, 1
A,   17, GLU,  0.0561,  -0.3482,   0.0012, 0
A,   18, ASN,  0.0668,  -0.3422,   0.0014, 0
A,   19, ALA,  0.0633,  -0.3442,   0.0013, 0
A,   20, MET,  0.3757,  -0.1701,   0.0210, 1
A,   21, PRO,  0.0461,  -0.3538,   0.0009, 0
A,   22, TRP,  0.5296,  -0.0843,   0.0402, 1
A,   23, ASN,  0.0559,  -0.3483,   0.0011, 0
A,   24, LEU,  0.1579,  -0.2915,   0.0047, 1
A,   25, PRO,  0.0976,  -0.3251,   0.0023, 0
A,   26, ALA,  0.8269,   0.0815,   0.0975, 0
A,   27, ASP,  1.5638,   0.4922,   0.3004, 1
A,   28, LEU,  1.8839,   0.6706,   0.3850, 1
A,   29, ALA,  0.2287,  -0.2520,   0.0086, 0
A,   30, TRP,  0.7876,   0.0595,   0.0884, 1
A,   31, PHE,  2.0494,   0.7629,   0.4250, 1
A,   32, LYS,  0.2467,  -0.2419,   0.0099, 0
A,   33, ARG,  0.7701,   0.0498,   0.0845, 0
A,   34, ASN,  0.3838,  -0.1655,   0.0218, 0
A,   35, THR,  0.0312,  -0.3621,   0.0007, 0
A,   36, LEU,  0.0734,  -0.3385,   0.0016, 0
A,   37, ASP,  0.0282,  -0.3638,   0.0006, 0
A,   38, LYS,  0.1213,  -0.3119,   0.0031, 0
A,   39, PRO,  0.0167,  -0.3701,   0.0004, 0
A,   40, VAL,  0.0100,  -0.3739,   0.0004, 0
A,   41, ILE,  0.0000,  -0.3795,   0.0002, 0
A,   42, MET,  0.3727,  -0.1717,   0.0207, 0
A,   43, GLY,  0.9385,   0.1436,   0.1249, 1
A,   44, ARG,  1.0875,   0.2267,   0.1647, 1
A,   45, HIS,  1.8334,   0.6425,   0.3723, 1
A,   46, THR,  4.8181,   2.3062,   0.8119, 1
A,   47, TRP,  0.4884,  -0.1072,   0.0343, 0
A,   48, GLU,  0.0601,  -0.3459,   0.0012, 0
A,   49, SER,  0.5143,  -0.0928,   0.0379, 1
A,   50, ILE,  0.8894,   0.1163,   0.1125, 1
A,   51, GLY,  0.0587,  -0.3467,   0.0012, 0
A,   52, ARG,  0.2781,  -0.2245,   0.0122, 0
A,   53, PRO,  0.0560,  -0.3483,   0.0011, 0
A,   54, LEU,  0.7934,   0.0628,   0.0897, 1
A,   55, PRO,  0.1878,  -0.2748,   0.0062, 0
A,   56, GLY,  0.0638,  -0.3439,   0.0013, 0
A,   57, ARG,  0.3464,  -0.1864,   0.0181, 0
A,   58, LYS,  0.0793,  -0.3353,   0.0017, 0
A,   59, ASN,  0.0439,  -0.3550,   0.0009, 0
A,   60, ILE,  0.0058,  -0.3762,   0.0003, 0
A,   61, ILE,  0.0070,  -0.3756,   0.0003, 0
A,   62, LEU,  0.3160,  -0.2033,   0.0153, 1
A,   63, SER,  0.2972,  -0.2138,   0.0137, 1
A,   64, SER,  0.2357,  -0.2481,   0.0091, 1
A,   65, GLN,  0.1815,  -0.2783,   0.0058, 0
A,   66, PRO,  0.0536,  -0.3496,   0.0011, 0
A,   67, GLY,  0.0718,  -0.3394,   0.0015, 0
A,   68, THR,  0.0506,  -0.3513,   0.0010, 0
A,   69, ASP,  0.0662,  -0.3426,   0.0014, 0
A,   70, ASP,  0.0447,  -0.3545,   0.0009, 0
A,   71, ARG,  0.0677,  -0.3418,   0.0014, 0
A,   72, VAL,  0.0614,  -0.3452,   0.0013, 0
A,   73, THR,  0.0834,  -0.3329,   0.0018, 0
A,   74, TRP,  0.1083,  -0.3191,   0.0026, 0
A,   75, VAL,  0.0610,  -0.3455,   0.0013, 0
A,   76, LYS,  0.0861,  -0.3315,   0.0019, 0
A,   77, SER,  0.0111,  -0.3733,   0.0004, 0
A,   78, VAL,  0.0149,  -0.3711,   0.0004, 0
A,   79, ASP,  0.0138,  -0.3718,   0.0004, 0
A,   80, GLU,  0.0199,  -0.3684,   0.0005, 0
A,   81, ALA,  0.0015,  -0.3787,   0.0002, 0
A,   82, ILE,  0.1955,  -0.2705,   0.0066, 0
A,   83, ALA,  0.0294,  -0.3631,   0.0006, 0
A,   84, ALA,  0.0218,  -0.3673,   0.0005, 0
A,   85, CYS,  0.0295,  -0.3630,   0.0006, 0
A,   86, GLY,  0.1187,  -0.3133,   0.0030, 0
A,   87, ASP,  0.0259,  -0.3651,   0.0006, 0
A,   88, VAL,  0.0661,  -0.3426,   0.0014, 0
A,   89, PRO,  0.0475,  -0.3530,   0.0010, 0
A,   90, GLU,  0.1051,  -0.3209,   0.0025, 0
A,   91, ILE,  0.2049,  -0.2653,   0.0071, 0
A,   92, MET,  0.0000,  -0.3795,   0.0002, 0
A,   93, VAL,  0.0504,  -0.3514,   0.0010, 0
A,   94, ILE,  3.0337,   1.3115,   0.6164, 1
A,   95, GLY,  3.4224,   1.5282,   0.6724, 0
A,   96, GLY,  4.1243,   1.9194,   0.7539, 1
A,   97, GLY,  4.0027,   1.8517,   0.7420, 1
A,   98, ARG,  1.7026,   0.5696,   0.3383, 1
A,   99, VAL,  1.0468,   0.2040,   0.1535, 1
A,  100, TYR,  3.2573,   1.4362,   0.6498, 1
A,  101, GLU,  0.0138,  -0.3718,   0.0004, 0
A,  102, GLN,  0.1665,  -0.2867,   0.0051, 1
A,  103, PHE,  0.0005,  -0.3792,   0.0002, 0
A,  104, LEU,  0.0689,  -0.3410,   0.0015, 0
A,  105, PRO,  0.0326,  -0.3613,   0.0007, 0
A,  106, LYS,  0.1067,  -0.3200,   0.0026, 0
A,  107, ALA,  0.0280,  -0.3638,   0.0006, 0
A,  108, GLN,  0.0777,  -0.3361,   0.0017, 0
A,  109, LYS,  0.2282,  -0.2523,   0.0086, 0
A,  110, LEU,  0.0128,  -0.3723,   0.0004, 0
A,  111, TYR,  0.3228,  -0.1995,   0.0159, 0
A,  112, LEU,  0.4906,  -0.1060,   0.0346, 0
A,  113, THR,  0.5068,  -0.0970,   0.0369, 1
A,  114, HIS,  1.6178,   0.5223,   0.3151, 0
A,  115, ILE,  0.5773,  -0.0577,   0.0476, 0
A,  116, ASP,  0.4579,  -0.1242,   0.0304, 0
A,  117, ALA,  0.0545,  -0.3491,   0.0011, 0
A,  118, GLU,  0.0085,  -0.3747,   0.0003, 0
A,  119, VAL,  0.0121,  -0.3727,   0.0004, 0
A,  120, GLU,  0.0162,  -0.3704,   0.0004, 0
A,  121, GLY,  0.0175,  -0.3697,   0.0005, 0
A,  122, ASP,  0.1804,  -0.2789,   0.0058, 0
A,  123, THR,  2.7802,   1.1702,   0.5743, 1
A,  124, HIS,  0.0364,  -0.3591,   0.0008, 0
A,  125, PHE,  0.0129,  -0.3723,   0.0004, 0
A,  126, PRO,  0.0355,  -0.3597,   0.0007, 0
A,  127, ASP,  0.1407,  -0.3010,   0.0039, 0
A,  128, TYR,  0.9661,   0.1591,   0.1321, 0
A,  129, GLU,  0.0847,  -0.3322,   0.0019, 0
A,  130, PRO,  0.4319,  -0.1387,   0.0273, 0
A,  131, ASP,  0.0096,  -0.3741,   0.0003, 0
A,  132, ASP,  0.0736,  -0.3384,   0.0016, 0
A,  133, TRP,  0.0887,  -0.3300,   0.0020, 0
A,  134, GLU,  0.0209,  -0.3678,   0.0005, 0
A,  135, SER,  0.1720,  -0.2836,   0.0053, 0
A,  136, VAL,  0.0734,  -0.3386,   0.0016, 0
A,  137, PHE,  0.4449,  -0.1315,   0.0288, 0
A,  138, SER,  0.2789,  -0.2240,   0.0123, 0
A,  139, GLU,  0.8190,   0.0770,   0.0956, 0
A,  140, PHE,  0.7684,   0.0488,   0.0841, 0
A,  141, HIS,  0.9466,   0.1482,   0.1270, 0
A,  142, ASP,  0.2541,  -0.2378,   0.0104, 0
A,  143, ALA,  0.0298,  -0.3629,   0.0006, 0
A,  144, ASP,  0.5250,  -0.0868,   0.0395, 0
A,  145, ALA,  0.0017,  -0.3785,   0.0003, 0
A,  146, GLN,  0.1647,  -0.2877,   0.0050, 0
A,  147, ASN,  0.6400,  -0.0227,   0.0582, 0
A,  148, SER,  0.0248,  -0.3656,   0.0006, 0
A,  149, HIS,  0.0323,  -0.3614,   0.0007, 0
A,  150, SER,  0.2845,  -0.2209,   0.0127, 0
A,  151, TYR,  1.1874,   0.2824,   0.1927, 0
A,  152, CYS,  0.8482,   0.0933,   0.1024, 0
A,  153, PHE,  0.7713,   0.0505,   0.0848, 0
A,  154, GLU,  0.8037,   0.0685,   0.0920, 0
A,  155, ILE,  0.3244,  -0.1986,   0.0161, 0
A,  156, LEU,  0.2852,  -0.2205,   0.0128, 0
A,  157, GLU,  0.0311,  -0.3621,   0.0007, 0
A,  158, ARG,  0.0916,  -0.3284,   0.0021, 0
A,  159, ARG,  0.0269,  -0.3645,   0.0006, 0
